return,risk
0.010985126677361,0.0045855560873466
0.0088631025205747,0.0029278166543301
0.0065290460529567,0.001325739233809
0.0044298747001673,0.0009664073560826
0.0025834313445643,0.0002485250631334
0.0006871879823736,3.116809239071294e-05
