return,risk
0.0108649961021166,0.0047754973515577
0.0097165386649138,0.0036698458295265
0.0079985367291906,0.0024330656320658
0.0062761641564998,0.0015368454638151
0.0049176205494038,0.0010536767846761
0.0026786183169779,0.0007031882294142
0.0008348280714112,5.268774431593998e-05
