return,risk
0.0106596524417087,0.0045547422830136
0.0087534930373735,0.0028851576649661
0.0068927864474536,0.0017829247379742
0.0045545676404427,0.0009483693847622
0.0023046910087718,0.000343327342213
0.0001434008412786,2.172775902787508e-06
