return,risk
0.0103302062038369,0.0039342797468855
0.0083717460437057,0.0022220332997323
0.006351106787164,0.0011205363215313
0.0042842640640986,0.0007647142625459
0.0021333332983476,0.0005909430355329
5.967231405997336e-05,3.682910688605966e-07
